matricule,nom,prenom,mois,annee,salaire_brut,salaire_net,fichier_pdf
EMP001,Seye,Mouhamed,Janvier,2025,104000,125640,EMP001_2025_01.pdf
EMP001,Seye,Mouhamed,Février,2025,104000,125640,EMP001_2025_02.pdf
EMP001,Seye,Mouhamed,Mars,2025,104000,125640,EMP001_2025_03.pdf
EMP001,Seye,Mouhamed,Avril,2025,104000,125640,EMP001_2025_04.pdf
EMP001,Seye,Mouhamed,Mai,2025,104000,125640,EMP001_2025_05.pdf
EMP001,Seye,Mouhamed,Juin,2025,104000,125640,EMP001_2025_06.pdf
EMP001,Seye,Mouhamed,Juillet,2025,107000,128506,EMP001_2025_07.pdf
EMP001,Seye,Mouhamed,Août,2025,107000,128506,EMP001_2025_08.pdf
EMP001,Seye,Mouhamed,Septembre,2025,107000,128506,EMP001_2025_09.pdf
EMP001,Seye,Mouhamed,Octobre,2025,107000,128506,EMP001_2025_10.pdf
EMP001,Seye,Mouhamed,Novembre,2025,107000,128506,EMP001_2025_11.pdf
EMP001,Seye,Mouhamed,Décembre,2025,107000,128506,EMP001_2025_12.pdf
EMP001,Seye,Mouhamed,Janvier,2026,110000,131380,EMP001_2026_01.pdf
EMP001,Seye,Mouhamed,Février,2026,110000,131380,EMP001_2026_02.pdf
EMP001,Seye,Mouhamed,Mars,2026,110000,131380,EMP001_2026_03.pdf
EMP001,Seye,Mouhamed,Avril,2026,110000,131380,EMP001_2026_04.pdf
EMP001,Seye,Mouhamed,Mai,2026,110000,131380,EMP001_2026_05.pdf
EMP002,Diallo,Fatou,Janvier,2025,130000,150540,EMP002_2025_01.pdf
EMP002,Diallo,Fatou,Février,2025,130000,150540,EMP002_2025_02.pdf
EMP002,Diallo,Fatou,Mars,2025,130000,150540,EMP002_2025_03.pdf
EMP002,Diallo,Fatou,Avril,2025,130000,150540,EMP002_2025_04.pdf
EMP002,Diallo,Fatou,Mai,2025,130000,150540,EMP002_2025_05.pdf
EMP002,Diallo,Fatou,Juin,2025,130000,150540,EMP002_2025_06.pdf
EMP002,Diallo,Fatou,Juillet,2025,133000,153414,EMP002_2025_07.pdf
EMP002,Diallo,Fatou,Août,2025,133000,153414,EMP002_2025_08.pdf
EMP002,Diallo,Fatou,Septembre,2025,133000,153414,EMP002_2025_09.pdf
EMP002,Diallo,Fatou,Octobre,2025,133000,153414,EMP002_2025_10.pdf
EMP002,Diallo,Fatou,Novembre,2025,133000,153414,EMP002_2025_11.pdf
EMP002,Diallo,Fatou,Décembre,2025,133000,153414,EMP002_2025_12.pdf
EMP002,Diallo,Fatou,Janvier,2026,136000,156288,EMP002_2026_01.pdf
EMP002,Diallo,Fatou,Février,2026,136000,156288,EMP002_2026_02.pdf
EMP002,Diallo,Fatou,Mars,2026,136000,156288,EMP002_2026_03.pdf
EMP002,Diallo,Fatou,Avril,2026,136000,156288,EMP002_2026_04.pdf
EMP002,Diallo,Fatou,Mai,2026,136000,156288,EMP002_2026_05.pdf
EMP003,Ndiaye,Ousmane,Janvier,2025,180000,198440,EMP003_2025_01.pdf
EMP003,Ndiaye,Ousmane,Février,2025,180000,198440,EMP003_2025_02.pdf
EMP003,Ndiaye,Ousmane,Mars,2025,180000,198440,EMP003_2025_03.pdf
EMP003,Ndiaye,Ousmane,Avril,2025,180000,198440,EMP003_2025_04.pdf
EMP003,Ndiaye,Ousmane,Mai,2025,180000,198440,EMP003_2025_05.pdf
EMP003,Ndiaye,Ousmane,Juin,2025,180000,198440,EMP003_2025_06.pdf
EMP003,Ndiaye,Ousmane,Juillet,2025,185000,203230,EMP003_2025_07.pdf
EMP003,Ndiaye,Ousmane,Août,2025,185000,203230,EMP003_2025_08.pdf
EMP003,Ndiaye,Ousmane,Septembre,2025,185000,203230,EMP003_2025_09.pdf
EMP003,Ndiaye,Ousmane,Octobre,2025,185000,203230,EMP003_2025_10.pdf
EMP003,Ndiaye,Ousmane,Novembre,2025,185000,203230,EMP003_2025_11.pdf
EMP003,Ndiaye,Ousmane,Décembre,2025,185000,203230,EMP003_2025_12.pdf
EMP003,Ndiaye,Ousmane,Janvier,2026,190000,208020,EMP003_2026_01.pdf
EMP003,Ndiaye,Ousmane,Février,2026,190000,208020,EMP003_2026_02.pdf
EMP003,Ndiaye,Ousmane,Mars,2026,190000,208020,EMP003_2026_03.pdf
EMP003,Ndiaye,Ousmane,Avril,2026,190000,208020,EMP003_2026_04.pdf
EMP003,Ndiaye,Ousmane,Mai,2026,190000,208020,EMP003_2026_05.pdf
